 Питательный кондиционер с Алоэ Вера и минералами Мертвого Моря;Лечебная косметика;Шампунь идеально подходит для окрашенных или поврежденных термообработкой волос.<br>Кондиционер содержит масло Облепихи и Алоэ Вера. <br><br>Волосы становятся гладкими, крепкими и растут быстрее.<br><br>Подходит для всех типов волос, в том числе и для детей.<br><br>Состав: масло Облепихи, Алоэ Вера, масло семян винограда,экстракты розмарина, масло Жожоба, про-витамин B5, Витамин E минералы Мертвого Моря. <br><br>780 мл<br><br>(артикул 14903);no;instock;14903;1491,75;sea-buckthorn-obliphica-aloe-vera-nourishing-conditioner-dead-sea-minerals.jpg
 Питательный кондиционер с Алоэ Вера и минералами Мертвого Моря;Уход за волосами;Шампунь идеально подходит для окрашенных или поврежденных термообработкой волос.<br>Кондиционер содержит масло Облепихи и Алоэ Вера. <br><br>Волосы становятся гладкими, крепкими и растут быстрее.<br><br>Подходит для всех типов волос, в том числе и для детей.<br><br>Состав: масло Облепихи, Алоэ Вера, масло семян винограда,экстракты розмарина, масло Жожоба, про-витамин B5, Витамин E минералы Мертвого Моря. <br><br>780 мл<br><br>(артикул 14903);no;instock;14903;1491,75;sea-buckthorn-obliphica-aloe-vera-nourishing-conditioner-dead-sea-minerals.jpg
3 for price of 2! Dead Sea Minerals Multi-Vitamin Hand and Nail Cream, 3 x 100ml;Крема;Get 3 tubes of this Multi-Vitamin Dead Sea Minerals Hand and Nail cream for the price of 2!100 ml each tube (артикул 14879);no;instock;14879;1296,75;3-price-2-dead-sea-minerals-multi-vitamin-hand-nail-cream-3-x-100ml.jpg
3 for price of 2! Dead Sea Minerals Multi-Vitamin Hand and Nail Cream, 3 x 100ml;Лечебная косметика;Get 3 tubes of this Multi-Vitamin Dead Sea Minerals Hand and Nail cream for the price of 2!100 ml each tube (артикул 14879);no;instock;14879;1296,75;3-price-2-dead-sea-minerals-multi-vitamin-hand-nail-cream-3-x-100ml.jpg
3 for price of 2! Dead Sea Minerals Multi-Vitamin Hand and Nail Cream, 3 x 100ml;Наборы;Get 3 tubes of this Multi-Vitamin Dead Sea Minerals Hand and Nail cream for the price of 2!100 ml each tube (артикул 14879);no;instock;14879;1296,75;3-price-2-dead-sea-minerals-multi-vitamin-hand-nail-cream-3-x-100ml.jpg
3 по цене 2! Мультивитаминный крем для рук и ногтей с минералами Мертвого моря 3 x 100ml;Крема;Вы можете получить 3 тюбика мультивитаминного крема для рук и ногтей с минералами Мертвого моря по цене 2-ух!<br>100 мл каждый тюбик.<br>(артикул 14879);no;instock;14879;1296,75;3-price-2-dead-sea-minerals-multi-vitamin-hand-nail-cream-3-x-100ml.jpg
3 по цене 2! Мультивитаминный крем для рук и ногтей с минералами Мертвого моря 3 x 100ml;Лечебная косметика;Вы можете получить 3 тюбика мультивитаминного крема для рук и ногтей с минералами Мертвого моря по цене 2-ух!<br>100 мл каждый тюбик.<br>(артикул 14879);no;instock;14879;1296,75;3-price-2-dead-sea-minerals-multi-vitamin-hand-nail-cream-3-x-100ml.jpg
3 по цене 2! Мультивитаминный крем для рук и ногтей с минералами Мертвого моря 3 x 100ml;Наборы;Вы можете получить 3 тюбика мультивитаминного крема для рук и ногтей с минералами Мертвого моря по цене 2-ух!<br>100 мл каждый тюбик.<br>(артикул 14879);no;instock;14879;1296,75;3-price-2-dead-sea-minerals-multi-vitamin-hand-nail-cream-3-x-100ml.jpg
AHAVA Deadsea, Минеральный крем для рук;Крема;Питательный, содержащий минералы Метртвого Моря крем от  AHAVA.<br>Содрежит УФ - фильтры, гипоалергенный, не содержит парабенов, 100 мл;no;instock;15268;714,35;ahava-deadsea-water-mineral-hand-cream.jpg
AHAVA Крем для рук - Набор из трех упаковок;Крема;Набор из трех кремов;no;instock;15270;2921,75;ahava-hand-cream-super-saver-3-pack.jpg
AHAVA Крем для рук - Набор из трех упаковок;Наборы;Набор из трех кремов;no;instock;15270;2921,75;ahava-hand-cream-super-saver-3-pack.jpg
AHAVA Набор Крем для рук и Лосьон для тела, Dead Sea Cosmetics;Крема;Косметика AHAVA известна своими запатентованными комплексами, которые в сочетании с растительными экстрактами увлажняют, восстанавливают и омолаживают кожу рук и тела. Подходит для всех типов кожи;no;instock;16580;1816,75;ahava-value-set-hand-cream-and-body-lotion-dead-sea-cosmetics.jpg
AHAVA Набор Крем для рук и Лосьон для тела, Dead Sea Cosmetics;Наборы;Косметика AHAVA известна своими запатентованными комплексами, которые в сочетании с растительными экстрактами увлажняют, восстанавливают и омолаживают кожу рук и тела. Подходит для всех типов кожи;no;instock;16580;1816,75;ahava-value-set-hand-cream-and-body-lotion-dead-sea-cosmetics.jpg
AHAVA Набор Крем для рук и Лосьон для тела, Dead Sea Cosmetics;Уход за телом;Косметика AHAVA известна своими запатентованными комплексами, которые в сочетании с растительными экстрактами увлажняют, восстанавливают и омолаживают кожу рук и тела. Подходит для всех типов кожи;no;instock;16580;1816,75;ahava-value-set-hand-cream-and-body-lotion-dead-sea-cosmetics.jpg
AHAVA Набор Крем для сухой кожи рук и Крем для ног, Dead Sea Cosmetics;Крема;DERMUD - это рациональный уход именно за сухой и чувствительной кожей.<br>Эффективно устраняет дефекты сухой кожи : шелушение, огрубение, покраснение, трещины). 100 ml;no;instock;16581;1946,75;ahava-value-set-dermud-hand-cream-and-foot-cream-dead-sea-cosmetics.jpg
AHAVA Набор Крем для сухой кожи рук и Крем для ног, Dead Sea Cosmetics;Наборы;DERMUD - это рациональный уход именно за сухой и чувствительной кожей.<br>Эффективно устраняет дефекты сухой кожи : шелушение, огрубение, покраснение, трещины). 100 ml;no;instock;16581;1946,75;ahava-value-set-dermud-hand-cream-and-foot-cream-dead-sea-cosmetics.jpg
AHAVA Набор минеральный  Крем для рук и Крем для ног, Dead Sea Cosmetics;Крема;Косметика AHAVA известна своими запатентованными комплексами, которые в сочетании с растительными экстрактами увлажняют, восстанавливают и омолаживают кожу рук и ног. Подходит для всех типов кожи 100 ml;no;instock;16582;1946,75;ahava-value-set-mineral-hand-cream-and-foot-cream-dead-sea-cosmetics.jpg
AHAVA Набор минеральный  Крем для рук и Крем для ног, Dead Sea Cosmetics;Наборы;Косметика AHAVA известна своими запатентованными комплексами, которые в сочетании с растительными экстрактами увлажняют, восстанавливают и омолаживают кожу рук и ног. Подходит для всех типов кожи 100 ml;no;instock;16582;1946,75;ahava-value-set-mineral-hand-cream-and-foot-cream-dead-sea-cosmetics.jpg
Beauty and Firming Gel Peel-off Mask with Dead Sea Minerals;Лечебная косметика;Spread on, peel off - this gel mask enriched with Dead Sea minerals gives you a deep pore cleaning in no time flat, leaving skin revitalized.100 ml tube (артикул 13176);no;instock;13176;1751,75;beauty-firming-gel-peel-mask-dead-sea-minerals.jpg
Beauty and Firming Gel Peel-off Mask with Dead Sea Minerals;Сыворотки и маски;Spread on, peel off - this gel mask enriched with Dead Sea minerals gives you a deep pore cleaning in no time flat, leaving skin revitalized.100 ml tube (артикул 13176);no;instock;13176;1751,75;beauty-firming-gel-peel-mask-dead-sea-minerals.jpg
Bio Marine Calming and Hydrating Beauty Dead Sea Mask;Сыворотки и маски;New Packaging, Same Product (артикул 15861);no;instock;15861;1101,75;bio-marine-calming-hydrating-beauty-dead-sea-mask.jpg
Bio Spa Carrot and Buckthorn, Dead Sea Mud;Сыворотки и маски;Do your face a favor and use this excellent Dead Sea mud pack.  You can enjoy all the benefits of Dead Sea minerals simply by warming and applying this simple pack, leaving your skin nourished and healthier than ever before. (артикул 15776);no;instock;15776;1101,75;bio-spa-carrot-buckthorn-dead-sea-mud.gif
Bio Spa Dead Sea Грязевая маска Sea of Spa;Сыворотки и маски;Грязевая маска с минералами Мертвого Моря.  Обладает глубоким очищающим эффектом, выравнивает и увлажняет кожу.<br>Наносится не чаще 2 раз в неделю;no;instock;15774;1556,75;bio-spa-dead-sea-mud-mask-sea-spa.jpg
Bio Spa Гель - сыворотка для волос с маслом Аргана и Минералами Мертвого Моря;Уход за волосами;Для ежедневного применения. Наносится на кончики пальцев, растирается и затем втирается в основание волос. Можно Нанести на кончики волос, если есть секущиеся или сухие концы.<br><br>Гель имеет в составе:<br> -  Омега 6 жирные кислоты, что оказывает питательный эффект,  <br>- витамин Е - восстановоит даже самые поврежденные и слабые волосы <br><br>100 мл<br>(артикул 15849);no;instock;15849;1426,75;bio-spa-hair-serum-drops-argan-oil-and-dead-sea-minerals.gif
Bio Spa Профессиональный кондиционер для сухих и окрашенных волос;Уход за волосами;Содержит масло Аргана и Масло Ши.<br>Увлажняет и питает кожу головы, восстанавливает поврежденные волосы, питая луковицы.<br><br>Подходит для ежедневного использования<br><br>400 мл<br><br>(артикул 15834);no;instock;15834;1101,75;bio-spa-professional-conditioner-dry-damaged-colored-hair-argan-oil-and-shea-butter.gif
Bio Spa Профессиональный увлажняющий крем для волос;Уход за волосами;Крем обогащен маслом Аргана и маслом Ши.<br>Не требует смывания, наносится на влажные волосы.<br>Крем питает и увлажняет волосы, делает их гладкими и послушными в укладке. В то же время, масла не отягощают волосы, поэтому этот продукт относится к профессиональному уходу - после укладки прическа держится долго и волосы выглядят ухоженно;no;instock;15836;1101,75;bio-spa-professional-leave-hair-moisturizing-cream-enriched-argan-oil-and-shea-butter.gif
Bio Spa Профессиональный Шампунь для жирных и тонких волос;Уход за волосами;Bio Spa Профессиональный шампунь для жирных и тонких волос с грязью Мертвого Моря и Алоэ Вера<br>Грязь мертвого моря оказывает обезжиривающий и восстанавливающий эффект для волос, питая при этом кожу и нормализуя жировой баланс.<br><br>Алоэ Вера оказывает успокаивающий и восстановительный эффект<br><br>400 мл<br><br>(артикул 15835);no;instock;15835;1101,75;bio-spa-professional-shampoo-oily-thin-hair-dead-sea-mud-and-aloe-vera.gif
Bio Spa Профессиональный шампунь для поврежденных и сухих волос;Уход за волосами;Содержит минералы Мертвого Моря, масло Аргана и экстракт ростков пшеницы. <br>Масло Арганы увлажняет и питает кожу головы, экстракт ростков пшеницы восстанавливает головы и стимулирует рост волос.<br><br>Минералы Мертвого Моря способствуют восстановлению баланса жирности и стимулируют регенерацию как кожи головы, так и волос<br><br>400 мл<br><br>(артикул 15833);no;instock;15833;1101,75;bio-spa-professional-shampoo-damaged-dry-colored-hair-argan-wheat-sprout.gif
Bio Spa Профессиональный шампунь для сухих окрашенных волос;Уход за волосами;Bio Spa Профессиональный шампунь для сухих окрашенных волос с маслом Аргана и  Экстрактом ростков пшеницы<br><br>Обогащен минералами Мертвого Моря,  питающими и нормализующими обмен веществ кожи головы, <br><br>масло Аргана - питает и увлажняет волосы, <br><br>ростки пшеницы оказывают мощный регенерирующий эффект, стимулируя рост волос.<br><br>400 мл<br><br>(артикул 15833);no;instock;15833;1101,75;bio-spa-professional-shampoo-damaged-dry-colored-hair-argan-wheat-sprout.gif
Bio Spa Профессиональный шампунь для укрепления волос ;Уход за волосами;Sea of Spa' Шампунь для укрепления волос с экстрактом моркови и маслом Ши<br><br>Предназначен для окрашенных волос<br>Во-первых, закрепляет нанесенный цвет, <br>во-вторых, восстанавливает волосы.<br>Содержит:<br> - экстракт моркови<br>- витамины A, C, E и B5 - минералы Мертвого Моря. <br><br>Шампунь укрепляет корни волос и питает кожу головы<br><br>Подходит для ежедневного использования<br> <br>400 мл<br><br> (артикул 15832);no;instock;15832;1101,75;bio-spa-professional-shampoo-stronger-hair-enriched-carrot-sea-buckthorn.gif
Bio Spa Сыворотка для волос с маслом Аргана и минералами Мертвого Моря;Уход за волосами;BIO SPA – Сыворотка для волос, обогащенная маслом Аргана.  <br>Продукт относится к серии ежедневного ухода за волосами. <br>Несколько капель сыворотки наносятся на влажные волосы, это дает защиту волосам, питание, уход, легкость в укладке и гладкость волос. <br>Масло Арганы питает волосы омега 6 - жирной кислотой и витамином Е.<br><br>Сыворотка идеально подходит для волос, поврежденных окраской, завивкой и термообработкой <br><br>100 мл<br>(артикул 15849);no;instock;15849;1426,75;bio-spa-hair-serum-drops-argan-oil-and-dead-sea-minerals.gif
Calming and Hydrating Mask with Shea Butter Aloe Vera, Dead Sea Minerals;Сыворотки и маски;Sea of Spa's Calming  n  Hydrating Beauty Mask enriched with Shea Butter  n  Aloe Vera is a wonderful moisturizing and relaxing beauty mask. An excellent treatment for dull lifeless skin, this will return the youthful glow and color to your skin and slow the aging process. (артикул 16264);no;instock;16264;1491,75;calming-hydrating-mask-shea-butter-aloe-vera-dead-sea-minerals.jpg
Canaan Organic Восстанавливающий крем для тела;Уход за телом;Крем питает кожу, давай клеткам энергию, омолаживая кожу.;no;instock;16393;1296,75;canaan-organic-revitalizing-body-cream-organic-skin-care.gif
Canaan Восстанавливающий шампунь, Organic Skin Care;Уход за волосами;Содержит масло ореховn Macadamia, масло Жожоба и Оливковое масло. <br>Все экстракты исключительно органического происхождения, содержит ароматические масла.<br> <br> <br>Запатентованный комплекс веществ CSE Complex™ оказывает восстанавливающее и омолаживающее действие<br> <br>Шампунь позиционируется как гипоаллергенная косметика для волос<br><br>250 мл<br>(артикул 16384);no;instock;16384;1101,75;canaan-restorative-organic-shampoo-organic-skin-care.gif
Canaan крем для рук, Dead Sea Cosmetics;Крема;Canaan Крем для рук считается лучшим в этой серии.<br>Содержит минералы Мертвого Моря и интенсивную увлажняющую и восстанавливающую кремовую основу.<br>Подходит для любого типа кожи;no;instock;16410;776,75;canaan-hand-cream-dead-sea-cosmetics.gif
Canaan Лосьон для тела на водной основе, Dead Sea Cosmetics;Уход за телом;Смягчает и увлажняет. Это лосьон на водной основе, поэтому он подходит для жирной или комбинированной кожи, раскрывает поры и в то же время удерживает влагу внутри.;no;instock;16446;1296,75;canaan-aqua-based-body-lotion-dead-sea-cosmetics.gif
Canaan Масло - кондиционер для тела, Organic Cosmetics;Уход за телом;Питательное, увлажняющее масло - кондиционер, используется ПОСЛЕ ванной или душа или при массаже.;no;instock;16385;1296,75;canaan-conditioning-body-oil-organic-cosmetics.gif
Canaan Массажное масло для тела, Dead Sea Cosmetics;Уход за телом;Очищают кожу, оказывает легкий разогревающий эффект, содержит растительные масла;no;instock;16448;1036,75;canaan-rich-massage-body-oil-dead-sea-cosmetics.gif
Canaan многофункциональный крем для рук, Organic Cosmetics;Крема;Комплексный уход за чувствительной кожей рук. Органические  масла орехов макадамии, жожоба и оливок.<br>Смягчает кожу рук, снимает раздражение, делает кожу гладкой  и эластичной;no;instock;16389;906,75;canaan-multi-action-hand-cream-organic-cosmetics.gif
Canaan Мыло - плинг для тела, Dead Sea;Уход за телом;За счет наличия мягких органических кислот в составе мыло прекрасно удаляет огрубевшие частички кожи, минералы Мертвого Моря балансируют pH кожи, делая ее мягкой и гладкой.<br><br>250 мл<br>(артикул 16440);no;instock;16440;1101,75;canaan-body-peeling-soap-dead-sea-products.gif
Dead Sea Cosmetics Gift Set - Face and Hair Care;Лечебная косметика;Spoil your loved  one with this Health and Beauty Face and Hair Care Gift Set. This set will provide the full care treatment to your face and hair, giving your body just what it needs. (артикул 15822);no;instock;15822;6496,75;dead-sea-cosmetics-gift-set-face-hair-care.gif
Dead Sea Cosmetics Gift Set - Face and Hair Care;Уход за волосами;Spoil your loved  one with this Health and Beauty Face and Hair Care Gift Set. This set will provide the full care treatment to your face and hair, giving your body just what it needs. (артикул 15822);no;instock;15822;6496,75;dead-sea-cosmetics-gift-set-face-hair-care.gif
Dead Sea Cosmetics Gift Set - Olive Oil and Honey;Лечебная косметика;Treat yourself or your loved one to this wonderful Health and Beauty Olive Oil and Honey Gift Set with all the perfect products to nourish and give your body and hair that smooth and rejuvenated feeling. The products are packed for delivery , the gift box attached for self wrapping. (артикул 15820);no;instock;15820;5196,75;dead-sea-cosmetics-gift-set-olive-oil-honey_0.gif
Dead Sea Face Toner with Aloe Vera Chamomile and Vitamin A;Лечебная косметика;Enriched with natural ingredients and Dead Sea minerals, this facial toner with Chamomile, Aloe Vera and Vitamin A, this toner will leave your skin clean, moisturized and rejuvenated. (артикул 16001);no;instock;16001;1101,75;dead-sea-face-toner-aloe-vera-chamomile-vitamin.gif
Dead Sea Minerals Hand and Foot Cream Bundle - Great Deal!;Крема;Vitamins A and E enrich both the hand  n  nail cream and the anti-crack foot cream with additional Dead Sea minerals to make your skin look younger and feel smoother.100 ml each tube (артикул 14883);no;instock;14883;841,75;dead-sea-minerals-hand-foot-cream-bundle-great-deal.jpg
Dead Sea Minerals Hand and Foot Cream Bundle - Great Deal!;Лечебная косметика;Vitamins A and E enrich both the hand  n  nail cream and the anti-crack foot cream with additional Dead Sea minerals to make your skin look younger and feel smoother.100 ml each tube (артикул 14883);no;instock;14883;841,75;dead-sea-minerals-hand-foot-cream-bundle-great-deal.jpg
Dead Sea Minerals Hand and Foot Cream Bundle - Great Deal!;Наборы;Vitamins A and E enrich both the hand  n  nail cream and the anti-crack foot cream with additional Dead Sea minerals to make your skin look younger and feel smoother.100 ml each tube (артикул 14883);no;instock;14883;841,75;dead-sea-minerals-hand-foot-cream-bundle-great-deal.jpg
Dead Sea Minerals Purifying Mud Mask for Sensitive and Acne-Prone Skin;Лечебная косметика;Dead Sea mineral mud mask cleanses and purifies, absorbing extra oil and leaving skin rejuvenated. For sensitive and acne-prone skin types (артикул 14925);no;instock;14925;1946,75;dead-sea-minerals-purifying-mud-mask-sensitive-acne-prone-skin.jpg
Dead Sea Minerals Purifying Mud Mask for Sensitive and Acne-Prone Skin;Сыворотки и маски;Dead Sea mineral mud mask cleanses and purifies, absorbing extra oil and leaving skin rejuvenated. For sensitive and acne-prone skin types (артикул 14925);no;instock;14925;1946,75;dead-sea-minerals-purifying-mud-mask-sensitive-acne-prone-skin.jpg
Dead Sea Soapless Peeling with Glycerin Orange Oil and Vitamin E;Лечебная косметика;Health and Beauty's Luxurious Soapless Face Peeling with Glycerin Orange Oil  n  Vitamin E is a gentle, nourishing, foaming cleanser for non-abrasive Facial peeling. This special product  moisturizes while deep cleansing your skin and pores. (артикул 16008);no;instock;16008;1101,75;dead-sea-soapless-peeling-glycerin-orange-oil-vitamin-e.gif
Dead Sea гипоалергенное Мыло с Оливковым маслом и Медом;Лечебная косметика;Dead Sea антивозрастное минеральное мыло.<br>Содержит Оливковое масло и мед, отлично увлажняя и очищая кожу<br><br>125 г <br>(артикул 13174);no;instock;13174;776,75;hypoallergenic-olive-oil-honey-dead-sea-soap.jpg
Dead Sea Защитный крем для рук, Natural Sea Beauty;Крема;Защищает кожу рук от УФ - воздействия и смягчает;no;instock;7116;1491,75;dead-sea-protective-hand-cream-natural-sea-beauty.jpg
Dead Sea Интенсивный защитный крем для рук,  Sea of Spa;Крема;Интенсивный, усиленная защита кожи рук с минералами Мертвого Моря. Восстанавливает, смягчает и питает кожу рук. 150 ml;no;instock;15330;646,75;dead-sea-intensive-protection-hand-cream-sea-spa.gif
Dead Sea Маска  - кондиционер с грязью Мертвого Моря;Сыворотки и маски;Уникальная формула маски содержит в составе:<br> - минералы Мертвого Моря,<br> - растительный экстракты, <br> - Оливковое Масло, <br> - масло Миндаля <br> - масло Жожоба, <br> - витамин Е. T<br><br>Делает волосы гладки ми, блестящими, питает и увлажняет кожу головы. <br>Рекомендовано для поврежденных окраской или термообработкой волос.<br><br>Применение: нанести на чистые влажные волосы, оставить на 5-10 минут, смыть маску теплой водой<br><br>250 мл<br><br>(артикул 15344);no;instock;15344;1491,75;dead-sea-hair-conditioning-mud-mask-sea-spa.jpg
Dead Sea Маска  - кондиционер с грязью Мертвого Моря;Уход за волосами;Уникальная формула маски содержит в составе:<br> - минералы Мертвого Моря,<br> - растительный экстракты, <br> - Оливковое Масло, <br> - масло Миндаля <br> - масло Жожоба, <br> - витамин Е. T<br><br>Делает волосы гладки ми, блестящими, питает и увлажняет кожу головы. <br>Рекомендовано для поврежденных окраской или термообработкой волос.<br><br>Применение: нанести на чистые влажные волосы, оставить на 5-10 минут, смыть маску теплой водой<br><br>250 мл<br><br>(артикул 15344);no;instock;15344;1491,75;dead-sea-hair-conditioning-mud-mask-sea-spa.jpg
Dead Sea Маска для окрашенных волос с облепихой;Лечебная косметика;<br>Мака содержит концентрат Облепихового масла, антиоксиданты, Витамины  A, E и  B5 , экстракт моркови и масло Ши<br><br>Используется после шампуня - наносится на голову и втирается в кожу массажными движениями. Оставить на 5 минут и смыть теплой водой<br><br>250 мл<br><br>(артикул 14899);no;instock;14899;1296,75;dead-sea-minerals-sea-buckthorn-obliphica-nourishing-hair-mask-dry-or-colored-hair.jpg
Dead Sea Маска для окрашенных волос с облепихой;Сыворотки и маски;<br>Мака содержит концентрат Облепихового масла, антиоксиданты, Витамины  A, E и  B5 , экстракт моркови и масло Ши<br><br>Используется после шампуня - наносится на голову и втирается в кожу массажными движениями. Оставить на 5 минут и смыть теплой водой<br><br>250 мл<br><br>(артикул 14899);no;instock;14899;1296,75;dead-sea-minerals-sea-buckthorn-obliphica-nourishing-hair-mask-dry-or-colored-hair.jpg
Dead Sea Маска для окрашенных волос с облепихой;Уход за волосами;<br>Мака содержит концентрат Облепихового масла, антиоксиданты, Витамины  A, E и  B5 , экстракт моркови и масло Ши<br><br>Используется после шампуня - наносится на голову и втирается в кожу массажными движениями. Оставить на 5 минут и смыть теплой водой<br><br>250 мл<br><br>(артикул 14899);no;instock;14899;1296,75;dead-sea-minerals-sea-buckthorn-obliphica-nourishing-hair-mask-dry-or-colored-hair.jpg
Dead Sea Мыло - молочко против псориаза;Уход за телом;Нежно очищает пораженные участки кожи<br>Содержит 26 специализированных минералов Мертвого Моря, известные именно противопсориазным эффектом.<br><br>Наносится на влажную кожу. <br><br>250 мл<br>артикул 15595);no;instock;15595;2596,75;dead-sea-skin-relief-psoriasis-body-milk-soap.jpg
Dead Sea Набор для ухода за ногтями;Крема;Набор для ухода за ногтями:<br>- интенсивный восстанавливающий гель для рук и ногтей с минералами мертвого Моря и масло алоэ,<br>- пилка для ногтей с 4 полирующими поверхностями,<br>- масло для кутикулы и<br>- 2 увлажняющие полирующие салфетки;no;instock;15940;1946,75;dead-sea-nail-care-kit.gif
Dead Sea Пилинг с глицерином, маслом апельсина и витамином Е;Лечебная косметика;Этот пиллинг-крем не содержит мыла, поэтому глубокое очищающее действие не сушит кожу. <br>Отлично удаляет ороговевшие клетки, грязь и поврежденные клетки кожи, масло апельсина удаляет пигментные пятна и способствует регенерации кожи.<br>Подходит для чувствительной кожи, не вызывает раздражения.<br><br>Дополнительно содержит экстракт ромашки, витамин Е и минералы Мертвого Моря.<br><br>Относится к анти-возрастной серии ухода за лицом<br><br>250 мл<br><br> (артикул 16008);no;instock;16008;1101,75;dead-sea-soapless-peeling-glycerin-orange-oil-vitamin-e.gif
H and B Dead Sea Aloe Vera Moisturizer 180ml;Лечебная косметика;Help your skin feel silky smooth with this Dead Sea Minerals Moisterizer enriches with soothing Aloe Vera. (артикул 15230);no;instock;15230;906,75;hb-dead-sea-aloe-vera-moisturizer-180ml.jpg
H and B Dead Sea Aloe Vera Moisturizer 180ml;Уход за телом;Help your skin feel silky smooth with this Dead Sea Minerals Moisterizer enriches with soothing Aloe Vera. (артикул 15230);no;instock;15230;906,75;hb-dead-sea-aloe-vera-moisturizer-180ml.jpg
H and B Dead Sea Makeup Remover Towelettes;Лечебная косметика;Your skin takes a beating everyday from the wind and dirt in the air around you. Use these refreshing makeup remover wipes from H n B Dead sea minerals to cleanse your face of makeup and other impurities. (артикул 15229);no;instock;15229;646,75;hb-dead-sea-makeup-remover-towelettes.jpg
H and B Dead Sea Minerals Refreshing Foot Cream Deodarant, 100 ml tube;Лечебная косметика;Vitamins A and E enrich this foot cream based on Dead Sea minerals that not only moisturizes and heals cracked skin, but also offer protection against foot odor.100 ml tube (артикул 14943);no;instock;14943;581,75;hb-dead-sea-minerals-refreshing-foot-cream-deodarant-100-ml-tube.jpg
Hand and Nail Multi-Vitamin Cream with Dead Sea Minerals - 180ml;Крема;This hand cream based on Dead Sea minerals is enriched with Vitamins A and E that moisturizes your hands and also strengthens fingernails.180 ml tube (артикул 14941);no;instock;14941;942,5;hand-nail-multi-vitamin-cream-dead-sea-minerals-180ml.jpg
Hand and Nail Multi-Vitamin Cream with Dead Sea Minerals - 180ml;Лечебная косметика;This hand cream based on Dead Sea minerals is enriched with Vitamins A and E that moisturizes your hands and also strengthens fingernails.180 ml tube (артикул 14941);no;instock;14941;942,5;hand-nail-multi-vitamin-cream-dead-sea-minerals-180ml.jpg
Hypoallergenic Olive Oil and Honey, Dead Sea Soap;Лечебная косметика;Dead Sea anti-aging mineral soap contains olive oil and honey to moisturize skin while deep cleansing and removing impurities.125 gr bar (артикул 13174);no;instock;13174;776,75;hypoallergenic-olive-oil-honey-dead-sea-soap.jpg
Intensive Avocado and Aloe Vera Face Cream with Dead Sea Minerals;Лечебная косметика;Combination of avocado, aloe vera, and Dead Sea minerals make an intensive antioxidant facial moisturizer that keeps skin soft and supple. For normal to dry skin types50 ml (артикул 14918);no;instock;14918;1751,75;intensive-avocado-aloe-vera-face-cream-dead-sea-minerals.jpg
Mogador питательный крем для волос, Аргановое масло (Mogador Nourishing Hair Cream, Argan Oil);Уход за волосами;Крем содержит концентрированный запатентованный комплекс   JAS Organic Complex™  , который восстанавливает волосы,спаивает секущиеся кончики и ухаживает за кожей гооловы;no;instock;16544;1101,75;mogador-nourishing-hair-cream-argan-oil.jpg
Multi-Vitamin Cream for Hands and Nails with Dead Sea Minerals - 250ml;Крема;Moisturize your hands and also strengthen your fingernails with this hand cream based on Dead Sea minerals. It is also enriched with Vitamins A and E and other moisterizing ingrediants.250 ml tube (артикул 14942);no;instock;14942;1007,5;multi-vitamin-cream-hands-nails-dead-sea-minerals-250ml.jpg
Multi-Vitamin Cream for Hands and Nails with Dead Sea Minerals - 250ml;Лечебная косметика;Moisturize your hands and also strengthen your fingernails with this hand cream based on Dead Sea minerals. It is also enriched with Vitamins A and E and other moisterizing ingrediants.250 ml tube (артикул 14942);no;instock;14942;1007,5;multi-vitamin-cream-hands-nails-dead-sea-minerals-250ml.jpg
Multi-Vitamin Hand and Nail Cream with Dead Sea Minerals;Крема;Vitamins A and E enrich this hand cream based on Dead Sea minerals that not only moisturizes skin but also strengthens fingernails.100 ml tube (артикул 13207);no;instock;13207;646,75;multi-vitamin-hand-nail-cream-dead-sea-minerals.jpg
Multi-Vitamin Hand and Nail Cream with Dead Sea Minerals;Лечебная косметика;Vitamins A and E enrich this hand cream based on Dead Sea minerals that not only moisturizes skin but also strengthens fingernails.100 ml tube (артикул 13207);no;instock;13207;646,75;multi-vitamin-hand-nail-cream-dead-sea-minerals.jpg
Natural Sea Beauty Кондиционер для волос с грязью Мертвого Моря;Уход за волосами;Кондиционер, основанный на минеральной грязи Мертвого Моря.<br><br>Предназначен для смягчения волос, увлажняет и питает их. <br>Используется после шампуня и смывается теплой водой.<br><br>Идеально подходит для сухих, поврежденных и окрашенных волос.<br>Так же содержит масло Календулы, масло Ромашки и витамин Е.<br><br>После применения кондиционера волосы легко расчесываются, не спутываются, легко укладываются<br><br>220 мл<br><br>(артикул 16987);no;instock;16987;1296,75;natural-sea-beauty-mud-hair-conditioner.jpg
Olive Oil and Honey Dead Sea Minerals Face Cream SPF 20;Лечебная косметика;Keep wrinkles at bay with this intensive anti-aging antioxidant facial moisturizer based on olive oil, honey, plant extracts, and Dead Sea Minerals. For normal skin to very dry skin50 ml (артикул 14917);no;instock;14917;1751,75;olive-oil-honey-dead-sea-minerals-face-cream-spf-20.jpg
Olive Oil and Honey Nourishing Hair Mask with Dead Sea Minerals;Лечебная косметика;Mineral-rich olive oil and honey antioxidant hair mask repairs and conditions hair and protects it from damage caused by weather exposure and styling. For all hair types.250 ml (артикул 14898);no;instock;14898;1296,75;olive-oil-honey-nourishing-hair-mask-dead-sea-minerals.jpg
Olive Oil and Honey Nourishing Hair Mask with Dead Sea Minerals;Сыворотки и маски;Mineral-rich olive oil and honey antioxidant hair mask repairs and conditions hair and protects it from damage caused by weather exposure and styling. For all hair types.250 ml (артикул 14898);no;instock;14898;1296,75;olive-oil-honey-nourishing-hair-mask-dead-sea-minerals.jpg
Sea of Spa Шампунь с черной глиной Мертвого Моря;Уход за волосами;Продукт предназначен для сухих волос.<br><br>Шампунь обогащен маслом Облепихи и минералами Мертвого Моря.<br>Содержит антиоксиданты, жирные кислоты, витамины, Омега 3, 6  и 9 - жирные кислоты. <br><br>Волосы становятся сильными, блестящими и без секущихся кончиков<br><br>400 мл<br><br>(артикул 15853);no;instock;15853;1621,75;sea-spa-dead-sea-black-mud-shampoo.jpg
Tearless Shampoo and Soapless Baby Wash;Лечебная косметика;Pamper your little baby with this nourishing and gentle tearless shampoo and soapless wash. This wonderful product contains oils and extracts that moisturize and cleanse your baby’s delicate skin and hair. (артикул 16693);no;instock;16693;1621,75;tearless-shampoo-soapless-baby-wash.jpg
Антивозрастное отшелушивающее мыло с экстрактом Пачули, Dead Sea ;Лечебная косметика;Омертвевшие частички кожи могут не отслаиваться и закупоривать поры кожи, вызывая воспаления или просто старение внешнего слоя. <br><br>Это гипоалелргенное мыло эффективно удаляет огрубевшие клетки кожи, смывает грязь и макияж, деликатно очищая всю поверхность как лица, так и тела.<br><br>При ежедневном использовании оказывает антивозрастной, регенерирующий эффект<br><br>Содержит минералы Мертвого Моря, антиоксидантами, витаминами A, B, C, и  E. Обогащено маслом Пачули, смягчающим и увлажняющим кожу<br><br>Use: Lather over the face and body in circular motions, then rinse. To complete the revitalizing skin treatment, follow shower with one of Health and Beauty's moisturizing dead sea face creams or moisturizing body cream.<br><br>125 г<br>(артикул 13178);no;instock;13178;776,75;anti-aging-exfoliating-patchouli-dead-sea-soap.jpg
Антивозрастной облепиховый увлажняющий крем для лица с минералами Мертвого Моря, SPF20;Лечебная косметика;Питает и увлажняет кож. Минералы Мертвого Моря и растительные экстракты помогают избавиться от морщин и не жирнят кожу. Защищает от УФ - воздействия. Для нормальной и сухой кожи;no;instock;14904;1751,75;anti-aging-sea-buckthorn-obliphica-facial-moisturizer-spf-20-dead-sea-minerals.jpg
Восстанавливающий шампунь, Масло Аргана;Уход за волосами; Шампунь содержит запатентованный комплекс  JAS, масло Аргана, масло Ши и масло Жожоба. <br>Такая комбинация масел восстанавливает волосы, питает кожу волос, при этом не вызывает жирности.<br><br>250 мл <br><br>(артикул 16543);no;instock;16543;906,75;mogador-restorative-shampoo-argan-oil.jpg
Гель - пилинг для лица, косметика Мертвого Моря;Лечебная косметика;Уникальный гель с минеральными компонентами Мертвого Моря. Гель безопасен ( не сжигает) и может наносится на лицо, шею и зону декольте. Удаляет омертвевшие клетки кожи и способствует омоложению и регенерации. Гель гипоалергенный, не вызывает раздражений на коже;no;instock;16007;1816,75;dead-sea-facial-peeling-gel.jpg
Гель для волос с облепиховым маслом и минералами Мертвого Моря;Уход за волосами;Один из ключевых компонентов этого геля - водоросль  Dunaliella<br>Это красная водоросль, присутствующая только в водах Мертвого Моря.<br>Гель восстанавливает сухие волосы, поврежденные и волосы, подвергшиеся термообработке.<br>Гель смягчает, увлажняет и делает волосы гладкими.;no;instock;15850;1426,75;bio-spa-hair-silicon-drops-obliphica-oil-and-dead-sea-minerals.gif
Гранатовый восстанавливающий крем для лица и шеи с минералами Мертвого Моря, SPF 15;Лечебная косметика;Увлажняющий антивозрастной крем с экстрактом граната и органовым маслом. Для всех типов кожи. 50 мл;no;instock;14924;1751,75;pomegranate-firming-face-and-neck-cream-dead-sea-minerals-spf-15.jpg
Жидкое мыло с черной грязью Мертвого Моря, Dead Sea;Уход за телом;Содержит облепиховое масло, витамины и минералы Мертвого Моря. <br>Эффективно очищает кожу, увлажняет ее, блокирует УФ - лучи, стимулирует выработку кожей собственных протеинов и замедляет процесс старения.<br><br>(артикул 16274);no;instock;16274;1621,75;black-mud-liquid-soap-dead-sea-products.jpg
Интенсивный Крем для рук и ногтей  Dead Sea с минералами Мертвого моря, маслом Авокадо и Алоэ;Крема;Защищает кожу рук и питает ногти, обогащен Алоэ Вера, маслом Авокади витамином Е. Смягчает кожу и делает более упругой . 100ml;no;instock;17394;646,75;intensive-dead-sea-minerals-hand-and-nail-cream-avocado-oil-and-aloe-vera.jpg
Интенсивный Крем для рук и ногтей  Dead Sea с минералами Мертвого моря, маслом Авокадо и Алоэ;Лечебная косметика;Защищает кожу рук и питает ногти, обогащен Алоэ Вера, маслом Авокади витамином Е. Смягчает кожу и делает более упругой . 100ml;no;instock;17394;646,75;intensive-dead-sea-minerals-hand-and-nail-cream-avocado-oil-and-aloe-vera.jpg
Интенсивный крем для рук с минералами Мертвого Моря;Крема;Самый интенсивный и питательный минеральный крем для рук продукциии Dead Sea .<br>Очень эффективно увлажняет, питает и восстанавливает поврежденную чувствительную кожу, содержит комплекс масел и витамин Е.;no;instock;15805;2141,75;alternative-plus-intensive-hand-cream-dead-sea-minerals.jpg
Кератиновая смягчающая маска для волос;Лечебная косметика;Для сильно вьющихся и кучерявых волос. <br>Маска питает и смягчает волосы, восстанавливает их структуру, выпрямляя их, делая более гладкими и послушными. <br><br>Содержит кератин, спаивающий секущиеся концы,  Витамин Е, Витамин В,  масло Ши (оказывает увлажняющий эффект), Оливковое масло и масло Аргана, стимулирующее рост волос. <br> 500 мл<br>(артикул 16692);no;instock;16692;2596,75;keratin-hair-mask-smoothed-hair.jpg
Кератиновая смягчающая маска для волос;Сыворотки и маски;Для сильно вьющихся и кучерявых волос. <br>Маска питает и смягчает волосы, восстанавливает их структуру, выпрямляя их, делая более гладкими и послушными. <br><br>Содержит кератин, спаивающий секущиеся концы,  Витамин Е, Витамин В,  масло Ши (оказывает увлажняющий эффект), Оливковое масло и масло Аргана, стимулирующее рост волос. <br> 500 мл<br>(артикул 16692);no;instock;16692;2596,75;keratin-hair-mask-smoothed-hair.jpg
Кератиновая смягчающая маска для волос;Уход за волосами;Для сильно вьющихся и кучерявых волос. <br>Маска питает и смягчает волосы, восстанавливает их структуру, выпрямляя их, делая более гладкими и послушными. <br><br>Содержит кератин, спаивающий секущиеся концы,  Витамин Е, Витамин В,  масло Ши (оказывает увлажняющий эффект), Оливковое масло и масло Аргана, стимулирующее рост волос. <br> 500 мл<br>(артикул 16692);no;instock;16692;2596,75;keratin-hair-mask-smoothed-hair.jpg
Кератиновый шеампунь для смягчения волос;Уход за волосами;Содержит Кератин, базовые масла, масло Алоэ Вера  и масло Аргана<br><br>Делает волосы мягкими, гладкими, послушными в укладке.<br><br>780 мл<br><br> (артикул 16691);no;instock;16691;1621,75;keratin-shampoo-smoothed-hair.jpg
Коллагеновая восстанавливающая маска с минералами Мертвого Моря;Лечебная косметика;Антивозрастная антиоксидантная маска с коллагеном, минералами Мертвого Моря и растительными экстрактами.100 мл упаковка;no;instock;13177;1751,75;collagen-firming-facial-mask-dead-sea-minerals.jpg
Коллагеновая восстанавливающая маска с минералами Мертвого Моря;Сыворотки и маски;Антивозрастная антиоксидантная маска с коллагеном, минералами Мертвого Моря и растительными экстрактами.100 мл упаковка;no;instock;13177;1751,75;collagen-firming-facial-mask-dead-sea-minerals.jpg
Кондиционер для волос с маслом Жожоба, медом и минералами Мертвого Моря;Уход за волосами;Кондиционер для нормальных и сухих волос , помимо указанных масел содержит оливковое масло.<br>Делает волосы гладкими, легкими в укладке и блестящими<br><br>400 мл<br><br> (артикул 16257);no;instock;16257;1101,75;hair-conditioner-olive-oil-jojoba-honey-dead-sea-minerals.jpg
Концентрированное  Морокканское Аргановое масло - уход за волосами (Pure Moroccan Argan Oil for Hair;Уход за волосами;Веками Берберские женщины на юге Марокко of Morocco собирали плоды дерева Аргана и выжимали из него масло. Это полностью натуральный продукт, оказывающий длительное воздействие не только на волосы.<br><br>Секрет полезности масла Арганы - в его составе.<br>В первую очередь, это витамин E и необходимые жирные кислоты, которые питают кожу  и улучшают циркуляцию крови кожи головы, делая луковицы волос более сильными.<br>Масло увлажняет, питает и оздоравливает кожу и волосы<br>Объем - 250 мл;no;instock;15724;8446,75;pure-moroccan-argan-oil-hair-treatment-250-ml.jpg
Крем для рук  - Авокадо, Dead Sea, Sea of Spa, набор из 2-х флаконов;Крема;Крем с основными минералами Мертвого Моря и защитными фильтрафи Sea of Spa. Восстанавливает кожу рук, увляжняя и смягчая ее. Омоложаживающий эффект 100 ml;no;instock;15339;516,75;dead-sea-avocado-hand-cream-sea-spa-set-2.gif
Крем для рук  - Авокадо, Dead Sea, Sea of Spa, набор из 2-х флаконов;Наборы;Крем с основными минералами Мертвого Моря и защитными фильтрафи Sea of Spa. Восстанавливает кожу рук, увляжняя и смягчая ее. Омоложаживающий эффект 100 ml;no;instock;15339;516,75;dead-sea-avocado-hand-cream-sea-spa-set-2.gif
Крем для рук ДЛЯ МУЖЧИН с витаминами, Dead Sea Products;Крема;Минералы и витамины в составе крема обеспечат необходимый уход за более грубой мужской кожей.;no;instock;16120;841,75;treatment-vitamin-hand-cream-men-dead-sea-products.jpg
Крем для рук и ног с минералами Мертвого моря;Крема;Витамины А и Е обогащают оба этих крема - крем для рук и ногтей, и крем для ног.<br>Оба крема содержат минералы Мертвого моря, дающие вашей коже молодость и ощущение гладкости.<br>Тюбики по 100 мл каждый.<br>(артикул 14883);no;instock;14883;841,75;dead-sea-minerals-hand-foot-cream-bundle-great-deal.jpg
Крем для рук и ног с минералами Мертвого моря;Лечебная косметика;Витамины А и Е обогащают оба этих крема - крем для рук и ногтей, и крем для ног.<br>Оба крема содержат минералы Мертвого моря, дающие вашей коже молодость и ощущение гладкости.<br>Тюбики по 100 мл каждый.<br>(артикул 14883);no;instock;14883;841,75;dead-sea-minerals-hand-foot-cream-bundle-great-deal.jpg
Крем для рук и ног с минералами Мертвого моря;Наборы;Витамины А и Е обогащают оба этих крема - крем для рук и ногтей, и крем для ног.<br>Оба крема содержат минералы Мертвого моря, дающие вашей коже молодость и ощущение гладкости.<br>Тюбики по 100 мл каждый.<br>(артикул 14883);no;instock;14883;841,75;dead-sea-minerals-hand-foot-cream-bundle-great-deal.jpg
Магадорский несмываемый крем -  стайлинг с маслом Аргана;Уход за волосами;Масло Аргана с древних времен используют как увлажняющее средство для волос и кожи.<br>Оно богато витамином Е и жирными кислотами. Это гипоаллергенный продукт.<br><br>Средство наносится на волосы и не смывается - это крем для укладки волос, который оказывает смягчающий, восстанавливающий и питательный эффект.<br><br>После нанесения волосы можно сушить, завивать и укладывать по вашему желанию<br><br>350 мл<br><br>(артикул 16547);no;instock;16547;1231,75;mogador-non-rinse-styling-cream-argan-oil.jpg
Маска для волос от псориаза с минералами Мертвого Моря;Сыворотки и маски;Обычные шампуни, даже профессиональные, не могут оказать соответствующий уход коже головы с проблемой псориаза.<br>Маска оказывает очищающее и увлажняющее действие, убирая раздражение, вызванное псориазными пятнами. <br><br>Содержит минералы Мертвого Моря, известное своим лечебным действием.<br><br>200 мл <br><br>(артикул 16027);no;instock;16027;1751,75;clineral-psoriasis-scalp-mask-dead-sea-minerals.jpg
Маска для волос от псориаза с минералами Мертвого Моря;Уход за волосами;Обычные шампуни, даже профессиональные, не могут оказать соответствующий уход коже головы с проблемой псориаза.<br>Маска оказывает очищающее и увлажняющее действие, убирая раздражение, вызванное псориазными пятнами. <br><br>Содержит минералы Мертвого Моря, известное своим лечебным действием.<br><br>200 мл <br><br>(артикул 16027);no;instock;16027;1751,75;clineral-psoriasis-scalp-mask-dead-sea-minerals.jpg
Маска для поврежденых окрашенных волос с маслом Аргана, маслом ши, Dead Sea Cosmetics;Сыворотки и маски;Восстанавливает поврежденные окрашиванием волосы. Входящие в состав маски масла подпитывают корни волос и делают волосы блестящими, устраняют сухость, хрупкость и секущиеся кончики.;no;instock;16258;1231,75;mask-damaged-colored-hair-argan-oil-shea-butter-dead-sea-cosmetics.jpg
Маска для поврежденых окрашенных волос с маслом Аргана, маслом ши, Dead Sea Cosmetics;Уход за волосами;Восстанавливает поврежденные окрашиванием волосы. Входящие в состав маски масла подпитывают корни волос и делают волосы блестящими, устраняют сухость, хрупкость и секущиеся кончики.;no;instock;16258;1231,75;mask-damaged-colored-hair-argan-oil-shea-butter-dead-sea-cosmetics.jpg
Маска-пилинг с минералами Мертвого Моря и абрикосовыми микро-гранулами;Лечебная косметика;Пилинг-маска  - очищает   and отшелушивает, оживляя и  and омолаживая кожу практически мгновенно. 100 мл;no;instock;13179;1751,75;dead-sea-mineral-peeling-mask-apricot-micro-grains.jpg
Маска-пилинг с минералами Мертвого Моря и абрикосовыми микро-гранулами;Сыворотки и маски;Пилинг-маска  - очищает   and отшелушивает, оживляя и  and омолаживая кожу практически мгновенно. 100 мл;no;instock;13179;1751,75;dead-sea-mineral-peeling-mask-apricot-micro-grains.jpg
Масло Аргана из Марокко - уход за волосами (Argan Life Moroccan Argan Oil for Hair Treatment );Уход за волосами;Это марокканское масло считается лучшим для ухода за поврежденными и сечеными волосами.<br><br>Состав масла определяет его свойства:<br>- во-первых, это вещества - антиоксиданты - они восстанавливают волосы,  которые повреждены внешней средой, термообработкой или неправильной стрижкой.<br><br>-во-вторых, это фитонутриенты - питательные вещества, применимые для всех типов волос.;no;instock;15723;3766,75;argan-life-moroccan-argan-oil-hair-treatment.jpg
Минеральные крема для рук и ногтей, Dead Sea;Крема;Крема для любого типа кожи. Защищают, питают и укрепляют ногти. Три разных растительных экстракта и три аромата;no;instock;16111;646,75;hands-and-nail-cream-dead-sea-minerals.jpg
Минеральные крема для рук и ногтей, Dead Sea;Лечебная косметика;Крема для любого типа кожи. Защищают, питают и укрепляют ногти. Три разных растительных экстракта и три аромата;no;instock;16111;646,75;hands-and-nail-cream-dead-sea-minerals.jpg
Мультивитаминный крем для лица с минералам Мертвого Моря SPF-20;Лечебная косметика;Крем содержит минеральные вещества Мертвого Моря и растительные экстракты, так же содержит солнцезащитные фильтры, защищающие кожу от УФ повреждения. Подходит для нормальной и комбинированной кожи;no;instock;14920;1751,75;dead-sea-mineral-multi-vitamin-face-cream-spf-20.jpg
Мультивитаминный крем для рук и ногтей с минералами Мертвого моря - 100 мл;Крема;Витамины А и Е обогатили этот крем для рук на основе минералов Мертвого моря, который не только увлажняет кожу, но и делает ногти сильными.<br>100 ml tube.<br>(артикул 13207);no;instock;13207;646,75;multi-vitamin-hand-nail-cream-dead-sea-minerals.jpg
Мультивитаминный крем для рук и ногтей с минералами Мертвого моря - 100 мл;Лечебная косметика;Витамины А и Е обогатили этот крем для рук на основе минералов Мертвого моря, который не только увлажняет кожу, но и делает ногти сильными.<br>100 ml tube.<br>(артикул 13207);no;instock;13207;646,75;multi-vitamin-hand-nail-cream-dead-sea-minerals.jpg
Мультивитаминный крем для рук и ногтей с минералами Мертвого моря - 180 мл;Крема;Этот крем на основе минералов Мертвого Моря увлажняет кожу рук и укрепляет ногти. Он обогащен витаминами А и Е и другими увлажняющими ингридиентами.<br>Тюбик 180 мл.<br>(артикул 14941);no;instock;14941;942,5;hand-nail-multi-vitamin-cream-dead-sea-minerals-180ml.jpg
Мультивитаминный крем для рук и ногтей с минералами Мертвого моря - 180 мл;Лечебная косметика;Этот крем на основе минералов Мертвого Моря увлажняет кожу рук и укрепляет ногти. Он обогащен витаминами А и Е и другими увлажняющими ингридиентами.<br>Тюбик 180 мл.<br>(артикул 14941);no;instock;14941;942,5;hand-nail-multi-vitamin-cream-dead-sea-minerals-180ml.jpg
Мультивитаминный крем для рук и ногтей с минералами Мертвого моря - 250 мл;Крема;Увлажняйте ваши руки и укрепляйте ваши ногти с этим кремом на основе минералов Мертвого Моря. Он обогащен витаминами А и Е и другими увлажняющими ингридиентами.<br>Тюбик 250 мл.<br>(артикул 14942);no;instock;14942;1007,5;multi-vitamin-cream-hands-nails-dead-sea-minerals-250ml.jpg
Мультивитаминный крем для рук и ногтей с минералами Мертвого моря - 250 мл;Лечебная косметика;Увлажняйте ваши руки и укрепляйте ваши ногти с этим кремом на основе минералов Мертвого Моря. Он обогащен витаминами А и Е и другими увлажняющими ингридиентами.<br>Тюбик 250 мл.<br>(артикул 14942);no;instock;14942;1007,5;multi-vitamin-cream-hands-nails-dead-sea-minerals-250ml.jpg
Мультивитаминный минеральный крем для рук Dead Sea с аргановым мавслом;Крема;Кожа рук испытывает постоянное разрушающее воздействие, контактируя с водой и моющими средствами  Этот крем содержит питательное Аргановое масло, минералы Мертвого Моря и другие восстанавливающие компоненты. 180ml  ;no;instock;17393;776,75;multi-vitamin-dead-sea-minerals-hand-cream-argan-oil_0.jpg
Мультивитаминный минеральный крем для рук Dead Sea с аргановым мавслом;Лечебная косметика;Кожа рук испытывает постоянное разрушающее воздействие, контактируя с водой и моющими средствами  Этот крем содержит питательное Аргановое масло, минералы Мертвого Моря и другие восстанавливающие компоненты. 180ml  ;no;instock;17393;776,75;multi-vitamin-dead-sea-minerals-hand-cream-argan-oil_0.jpg
Мыло 26 минералов, Dead Seа;Лечебная косметика;Ароматическое мыло , содержащее 26 минералов Мертвого Моря и исключительно растительные компоненты.<br><br>Глубокое интенсивное очищение кожи. <br><br>Содержит глицерин,оливковое масло, Алоэ Вера и другие растительные экстракты. <br><br>Большое количество минеральных соей поддерживает увлажненность кожи и стимулирует регенерацию.<br><br>Нанести на влажное тело, оставить на 2 минуты и затем смыть<br><br>125 г<br><br>(артикул 16018);no;instock;16018;776,75;26-minerals-dead-sea-soap.jpg
Мыло с Авокадо, Алоэ Вера и Минералами;Лечебная косметика;Мыло с Алоэ Вера, Авокадо, маслом чайного дерева  и витаминами.<br>Растительные компоненты оказывают увлажняющий, питательный и регенерирующий эффект.<br>Минералы мертвого Моря балансируют pH кожи и предотвращаю и убирают воспалительные процессы<br><br>125 г<br>(артикул 17391);no;instock;17391;1621,75;avocado-and-aloe-vera-natural-soap-dead-sea-minerals.jpg
Мыло с минеральной грязью,  Dead Sea;Лечебная косметика;Классическое мыло с грязью Мертвого Моря - отлично глубоко очищает кожу, противовоспалительный эффект и стимуляция регенерации клеток.<br><br>Можно использовать как маску - нанести на лицо и оставить на 10-15 минут.<br>Подходит для всех типов кожи. Очень рекомендуется подросткам при наличии угревой сыпи<br>125 г <br>(артикул 13180);no;instock;13180;776,75;mineral-mud-dead-sea-soap.jpg
Мыло с Облепихой и минералами, Dead Sea ;Лечебная косметика;Масло Облепихи - широко известный компонент в средствах для увлажнения.<br><br>Масло облепихи и Минералы Мертвого Моря замечательно увлажняют кожу, мыло подходит для использования и для кожи лица, и для тела. <br><br>Дополнительно в мыле содержится масло Алоэ Вера, масло Чайного дерева, витамины A, C, E, and K, омега 3 и 6 жирные кислоты.<br><br>Отлично очищает поры кожи, регенерирует клетки. <br><br>Использование: нанести на влажную кожу и подержать на лице в течение 1 минуты. Смыть теплой водой<br><br>125 г<br><br>(артикул 13165);no;instock;13165;776,75;obliphica-and-minerals-dead-sea-soap.jpg
Набор из трех кремов для рук, Dead Sea Cosmetics;Крема;Dead Sea Cosmetics, Грязи и минералы Мертвого Моря увлажняют, питают и смягчают кожу рук. (100 ml);no;instock;7616;4091,75;natural-sea-beauty-set-3-protective-hand-cream.jpg
Набор из трех кремов для рук, Dead Sea Cosmetics;Наборы;Dead Sea Cosmetics, Грязи и минералы Мертвого Моря увлажняют, питают и смягчают кожу рук. (100 ml);no;instock;7616;4091,75;natural-sea-beauty-set-3-protective-hand-cream.jpg
Несмываемый интенсивный крем для рук из грязей Мертвого моря Dermud от АГАВА ;Крема;Dermud - интенсивный крем для рук для чувствительной и сухой кожи из эксклюзивной смеси минералов Мертвого моря от АГАВА. Насыщенный крем, который защищает кожу от воздействий, заживляет трещины, смягчает грубую кожу и питает даже самую сухую кожу. Не содержит парабенов и дерматологически протестирован. 100 мл, 3.4 унций тюбик;no;instock;15211;1036,75;ahava-leave-deadsea-mud-dermud-intensive-hand-cream.jpg
Обезжиренный крем для лица с алоэ вера и минералами Мертвого моря крем;Лечебная косметика;Это увлажняющее средство на основе Алоэ Вера и других растительных экстрактов, предназначен для смягчения и защиты жирной кожи. Он не оставляет жирный блеск и отлично подходит в качестве базы под макияж. Для комбинированной и жирной кожи. 50 мл;no;instock;14919;1751,75;oil-free-aloe-vera-and-dead-sea-minerals-face-cream_0.jpg
Осветляющее мыло для лица, Dead Sea ;Лечебная косметика;Пятна на коже могут появляться как результат слишком длительного пребывания на солнце, но так же и в результате гормональных изменений. <br><br>Осветляющее мыло, основанное на натуральных растительных экстрактах и энзимах, эффективно воздействует на такие проявления на коже. <br><br>Так же содержит витамин  Е и  компоненты, имеющие антивозрастное действие. <br><br>Воздействует на все типы пигментных пятен. Наносить нужно совсем небольшое количество, втирая массажными движениями, оставить на 2-5 минут и затем смыть.<br>Затем нанести крем для вашего типа кожи<br><br>250 мл<br><br>(артикул 16002);no;instock;16002;1101,75;lightening-facial-dead-sea-soap.gif
Очищающая маска из грязей Мертвого моря с добавлением алоэ вера, 100 мл;Лечебная косметика;Минеральная грязь Мертвого моря, обогащенная Алоэ Вера и натуральные растительные экстракты, для нанесения маски, чтобы очистить и очистить кожу, не высушивая ее. Для всех типов кожи.100 мл тюбик.;no;instock;13172;1751,75;purifying-dead-sea-mud-mask-aloe-vera-100-ml.jpg
Очищающая маска из грязей Мертвого моря с добавлением алоэ вера, 100 мл;Сыворотки и маски;Минеральная грязь Мертвого моря, обогащенная Алоэ Вера и натуральные растительные экстракты, для нанесения маски, чтобы очистить и очистить кожу, не высушивая ее. Для всех типов кожи.100 мл тюбик.;no;instock;13172;1751,75;purifying-dead-sea-mud-mask-aloe-vera-100-ml.jpg
Очищающая маска с минералами Мертвого Моря и Алоэ Вера, 150 мл;Лечебная косметика;Грязевая маска с минералами Мертвого Моря, обогащена растительными экстрактами и масло Алоэ Вера. Очищает кожу, но при этом не сушит. Подходит для всех типов кожи.;no;instock;13175;1751,75;purifying-dead-sea-mud-mask-aloe-vera-150-ml.jpg
Очищающая маска с минералами Мертвого Моря и Алоэ Вера, 150 мл;Сыворотки и маски;Грязевая маска с минералами Мертвого Моря, обогащена растительными экстрактами и масло Алоэ Вера. Очищает кожу, но при этом не сушит. Подходит для всех типов кожи.;no;instock;13175;1751,75;purifying-dead-sea-mud-mask-aloe-vera-150-ml.jpg
Питательная маска для волос с оливковым маслом, медом и минералами Мертвого Моря;Лечебная косметика;Богатая минералами антиоксидантная маска для волос с оливковым маслом и медом восстанавливает и улучшает волосы, защищая их от природного урона жары, холода, а также урона от стайлинга.<br>Для всех типов волос. <br>250 мл. <br>(артикул 14898);no;instock;14898;1296,75;olive-oil-honey-nourishing-hair-mask-dead-sea-minerals.jpg
Питательная маска для волос с оливковым маслом, медом и минералами Мертвого Моря;Сыворотки и маски;Богатая минералами антиоксидантная маска для волос с оливковым маслом и медом восстанавливает и улучшает волосы, защищая их от природного урона жары, холода, а также урона от стайлинга.<br>Для всех типов волос. <br>250 мл. <br>(артикул 14898);no;instock;14898;1296,75;olive-oil-honey-nourishing-hair-mask-dead-sea-minerals.jpg
Питательная Маска Для Лица Canaan, Косметика Мертвого Моря;Сыворотки и маски;Питательная маска для лица высшего качества с потрясающей текстурой и множеством дополнительных питательных свойств, благодаря минералам Мертвого моря и дополнительным ингредиентам, которые были подобраны фирмой Canaan, чтобы улучшить ваши ощущения и раскрыть полный потенциал Вашей кожи.;no;instock;16408;1556,75;canaan-nourishing-facial-mask-dead-sea-cosmetics.gif
Питательная маска для нормальных волос , Dead Sea Cosmetics;Сыворотки и маски;Маска для нормальных и сухих волос с Оливковым маслом, маслом Жожоба и медом<br><br>Питает, увлажняет, смягчает волосы, делает укладку более легкой.<br><br>Нанесение: втереть массажными движениями в кожу головы и оставить на 2-5 минут. Смыть теплой водой.<br><br>500 мл<br><br>(артикул 16259);no;instock;16259;1231,75;nourishing-mask-normal-hair-jojoba-olive-oil-dead-sea-cosmetics.jpg
Питательная маска для нормальных волос , Dead Sea Cosmetics;Уход за волосами;Маска для нормальных и сухих волос с Оливковым маслом, маслом Жожоба и медом<br><br>Питает, увлажняет, смягчает волосы, делает укладку более легкой.<br><br>Нанесение: втереть массажными движениями в кожу головы и оставить на 2-5 минут. Смыть теплой водой.<br><br>500 мл<br><br>(артикул 16259);no;instock;16259;1231,75;nourishing-mask-normal-hair-jojoba-olive-oil-dead-sea-cosmetics.jpg
Питательный Кондиционер для волос с Облепихой, маслом Алоэ Вера и минералами Мертвого Моря;Лечебная косметика;Здоровье волос определяется не только состоянием самих волос, но и кожи головы.Питательный кондиционер для волос ухаживает и за волосами, и за кожей. <br><br>Помимо этого, он оказывает антистатический эффект - волосы не электролизуются, остаются гладкими и ухоженными все время после применения. <br><br>Подходит для всех типов волос, в том числе и для детей.<br><br>Состав: облепиховое масло, масло Алоэ Вера, масло жожоба, провитамин B5, витамин Е и минералы Мертвого Моря.<br><br>Использование:<br>После мытья головы нанести на влажные волосы, втереть массажными движениями в кожу головы, подержать пару минут и смыть теплой водой .<br><br>(артикул 14903);no;instock;14903;1491,75;sea-buckthorn-obliphica-aloe-vera-nourishing-conditioner-dead-sea-minerals.jpg
Питательный Кондиционер для волос с Облепихой, маслом Алоэ Вера и минералами Мертвого Моря;Уход за волосами;Здоровье волос определяется не только состоянием самих волос, но и кожи головы.Питательный кондиционер для волос ухаживает и за волосами, и за кожей. <br><br>Помимо этого, он оказывает антистатический эффект - волосы не электролизуются, остаются гладкими и ухоженными все время после применения. <br><br>Подходит для всех типов волос, в том числе и для детей.<br><br>Состав: облепиховое масло, масло Алоэ Вера, масло жожоба, провитамин B5, витамин Е и минералы Мертвого Моря.<br><br>Использование:<br>После мытья головы нанести на влажные волосы, втереть массажными движениями в кожу головы, подержать пару минут и смыть теплой водой .<br><br>(артикул 14903);no;instock;14903;1491,75;sea-buckthorn-obliphica-aloe-vera-nourishing-conditioner-dead-sea-minerals.jpg
Питательный шампунь с Оливковым Маслом, медом и Минералами Мертвого Моря;Лечебная косметика;Подходит для всех типов волос.<br>В шампуне содержится большое количество ароматических масел, витамина Е, , про-витамина В5, солнцезащитные фильтры и комплекс минералов Мертвого Моря.<br><br>Помимо основных компонентов, добавлено масло Жожоба, масло семян моркови, масло виноградных косточек, и пальмовое масло - все эти компоненты восстанавливают кожу головы, подпитывая волосяные луковицы<br>.<br>Использование: Нанести массажными движениями на кожу головы и оставить на 2 минуты, смыть теплой водой.<br><br>750 мл<br><br>(артикул 14902);no;instock;14902;1621,75;olive-oil-honey-nourishing-shampoo-dead-sea-minerals.jpg
Питательный шампунь с Оливковым Маслом, медом и Минералами Мертвого Моря;Уход за волосами;Подходит для всех типов волос.<br>В шампуне содержится большое количество ароматических масел, витамина Е, , про-витамина В5, солнцезащитные фильтры и комплекс минералов Мертвого Моря.<br><br>Помимо основных компонентов, добавлено масло Жожоба, масло семян моркови, масло виноградных косточек, и пальмовое масло - все эти компоненты восстанавливают кожу головы, подпитывая волосяные луковицы<br>.<br>Использование: Нанести массажными движениями на кожу головы и оставить на 2 минуты, смыть теплой водой.<br><br>750 мл<br><br>(артикул 14902);no;instock;14902;1621,75;olive-oil-honey-nourishing-shampoo-dead-sea-minerals.jpg
Подарочный набор Мертвого Моря - Оливковое масло и мед;Лечебная косметика;"Порадуйте себя или близкого человека этим чудесным подарочный набором ""Оливковое масло и мед"", в который входят самые лучшие продукты для питания тела и волос, дающие им ощущение гладкости, свежести и жизненной силы.<br>Продукты упакованы для вручения в подарок. Приложена подарочная коробка для упаковки покупателем.<br>(артикул 15820)";no;instock;15820;5196,75;dead-sea-cosmetics-gift-set-olive-oil-honey_0.gif
Противпсориазное мыло, Dead Sea;Лечебная косметика;Мыло уникальное, разработанное специально для устранения симптомов псориаза на коже...  <br><br>Смягчает кожу, не вызывая раздражения на пораженных участках.  <br> <br>Включает в себя 21 минеральный компонент, усиливает циркуляцию крови, помогая клеткам кожи регенерировать.  <br>Дополнительно содержит Алоэ Вера и масло чайного дерева.<br><br>Применение: нанести на увлажненную кожу и оставить на 2 минуты. Результат  - после 5-7 дней применения<br><br>100 г<br>(артикул 15771);no;instock;15771;1101,75;psoriasis-dead-sea-soap.gif
Профессиональный укрепляющий шампунь;Уход за волосами;Bio Spa Профессиональный укрепляющий шампунь с экстрактом моркови и  и маслом облепихи <br><br>Шампунь предназначен для волос, ослабленных окрашиванием. <br>Шампунь содержит в составе экстракт моркови, закрепляющий цвет и масло Облепихи, восстанавливающей поврежденные корни волос, витамины A, C, E, B5 и минералы Мертвого Моря. <br><br>Шампунь восстанавливает волосы, питает кожу головы и делает волосы гладкими, здоровыми и сильными.<br><br>Подходит для ежедневного использования<br>400 мл<br><br>(артикул 15832);no;instock;15832;1101,75;bio-spa-professional-shampoo-stronger-hair-enriched-carrot-sea-buckthorn.gif
Увлажняющий шампунь с оливковым маслом, медом и Минералами Мертволго Моря;Лечебная косметика;.<br>Шампунь подходит для всех типов волос.. <br>Содержит экстракт оливкового масла и мед.<br>Насыщен ароматическими маслами,витамином Е,  провитамином В-5, солнцезащитными фильтрами и комплексом Минералов Мертвого Моря <br><br>Дополнительно в состав входят:<br> - масло жожоба, <br> - экстракт моркови<br> - экстракт граната, <br>- оливковое масло,<br>- масло Арагана<br><br>Использование : как обычный шампунь, но подержать на голове 2-3 минуты, чтобы все компоненты успели впитаться. Смывать тепой водой<br><br>750 мл<br>(артикул 14902);no;instock;14902;1621,75;olive-oil-honey-nourishing-shampoo-dead-sea-minerals.jpg
Увлажняющий шампунь с оливковым маслом, медом и Минералами Мертволго Моря;Уход за волосами;.<br>Шампунь подходит для всех типов волос.. <br>Содержит экстракт оливкового масла и мед.<br>Насыщен ароматическими маслами,витамином Е,  провитамином В-5, солнцезащитными фильтрами и комплексом Минералов Мертвого Моря <br><br>Дополнительно в состав входят:<br> - масло жожоба, <br> - экстракт моркови<br> - экстракт граната, <br>- оливковое масло,<br>- масло Арагана<br><br>Использование : как обычный шампунь, но подержать на голове 2-3 минуты, чтобы все компоненты успели впитаться. Смывать тепой водой<br><br>750 мл<br>(артикул 14902);no;instock;14902;1621,75;olive-oil-honey-nourishing-shampoo-dead-sea-minerals.jpg
Укрепитель для ногтей, Dead Sea Minerals;Крема;Гель - укрепитель для ногтей.<br>Минеральные компоненты Мертвого Моря придают ногтям крепкость, а растительные экстракты питают ткань и способствуют ее регенерации;no;instock;16114;2206,75;nail-hardener-dead-sea-minerals.jpg
Укрепитель для ногтей, Dead Sea Minerals;Лечебная косметика;Гель - укрепитель для ногтей.<br>Минеральные компоненты Мертвого Моря придают ногтям крепкость, а растительные экстракты питают ткань и способствуют ее регенерации;no;instock;16114;2206,75;nail-hardener-dead-sea-minerals.jpg
Успокаивающая и увлажняющая маска от Bio Marine и Dead Sea;Сыворотки и маски;Успокаивающая и увлажняющая маска от Bio Marine добавит молодости вашей уставшей коже, освежая и расслабляя её.<br>Упаковка была улучшена. <br>(артикул 15861);no;instock;15861;1101,75;bio-marine-calming-hydrating-beauty-dead-sea-mask.jpg
Ханаанское крем - мыло, Dead Sea Cosmetics;Уход за телом;Жидкое крем - мыло Dead Sea.<br><br>Кремовая текстура и легкий запах лаванды, обогащено запатентованным комплексом- CSE Complex ™, который поддерживает нейтральный pH кожи и стимулирует регенерацию клеток. <br><br>250 мл<br><br>(артикул 16425);no;instock;16425;776,75;canaan-body-cream-soap-dead-sea-cosmetics.gif
Шампунь - уход для мужчин с минералами Мертвого Моря;Уход за волосами;Шампунь - уход питает кожу и восстанавливает поврежденные волосы. Минералы Мертвого Моря стимулируют рост и регенерацию кожи головы и воолос;no;instock;15891;1491,75;treatment-shampoo-men-dead-sea-minerals.gif
Шампунь для нормальных и сухих волос с Оливковым маслом , маслом Жожоба и Минералами Мертвого Моря;Уход за волосами;Шампунь для нормальных и сухих волос с Оливковым маслом , маслом Жожоба и Минералами Мертвого Моря<br><br>За счет присутствующих масел Оливы и Жожоба шампунь прекрасно увлажняет волосы. Уходит сухость, ломкость, они становятся послушными и исчезают секущиеся кончики. В то же время минеральный состав позволяет коже головы оставаться увлажненной, но не сальной.<br>Для нормальных и сухих волос;no;instock;16260;1101,75;shampoo-normal-dry-hair-olive-oil-jojoba-dead-sea-minerals.jpg
Шампунь с Марроканским маслом Аргана;Уход за волосами;Масло Аргана - наилучший продукт для восстановления поврежденных волос. <br><br>Содержит антиоксиданты, защищающие волосы от внешнего воздействия и старения.<br>Масло удерживает клеточную жидкость в волосах и способствует регенерации.<br> <br>Дополнительно содержит масло косточек винограда,экстракт Розмарина и масло Алоэ Вера.  <br><br>Наносится масло на вымытые волосы, массажными движениями втирается в коже головы.  Оставьте на волосах на 1-2 минуты и смойте теплой водой<br><br>780 мл<br><br>(артикул 15721);no;instock;15721;1621,75;moroccan-argan-oil-hair-shampoo.jpg
