title;desc;artikul;price;imageFileName
АГАВА несмываемый интенсивный крем для ног из грязей Мертвого моря Dermud;Dermud - интенсивный крем для ног для чувствительной и сухой кожи из эксклюзивной смеси минералов Мертвого моря от АГАВА. Насыщенный крем, который защищает кожу от воздействий, заживляет трещины, смягчает грубую кожу и питает даже самую сухую кожу. Не содержит парабенов и дерматологически протестирован. 100 мл, 3.4 унций тюбик;15212;769,3;ahava-leave-deadsea-mud-dermud-intensive-foot-cream_1.jpg
Антивозрастной облепиховый увлажняющий крем для лица с минералами Мертвого Моря, SPF20;Питает и увлажняет кож. Минералы Мертвого Моря и растительные экстракты помогают избавиться от морщин и не жирнят кожу. Защищает от УФ - воздействия. Для нормальной и сухой кожи;14904;1886,5;anti-aging-sea-buckthorn-obliphica-facial-moisturizer-spf-20-dead-sea-minerals.jpg
Восстанавливающий крем для ног с комплексом Urea Мертвого моря от Natural Sea Beauty;Natural Sea Beauty выделяется в области косметических продуктов использованием минералов Мертвого моря для большего эффекта, увлажнения кожи и омолаживания ее, приводя в здоровое состояние. Их Минеральный восстанавливающий лосьон для тела - это прекрасный выбор для здоровья вашей кожи и счастье.;16990;1746,5;dead-sea-foot-repair-cream-20-urea-natural-sea-beauty.jpg
Гель - пилинг для лица, косметика Мертвого Моря;Уникальный гель с минеральными компонентами Мертвого Моря. Гель безопасен ( не сжигает) и может наносится на лицо, шею и зону декольте. Удаляет омертвевшие клетки кожи и способствует омоложению и регенерации. Гель гипоалергенный, не вызывает раздражений на коже;16007;1956,5;dead-sea-facial-peeling-gel.jpg
Гранатовый восстанавливающий крем для лица и шеи с минералами Мертвого Моря, SPF 15;Увлажняющий антивозрастной крем с экстрактом граната и органовым маслом. Для всех типов кожи. 50 мл;14924;1886,5;pomegranate-firming-face-and-neck-cream-dead-sea-minerals-spf-15.jpg
Деликатный крем для глаз от Sea of Spa и Bio-Marine;Чувствительная область вокруг глаз может высохнуть, но ею часто пренебрегают. Этот легко впитывающийся крем для глаз разглаживает кожу и помогает замедлить процесс старения, сохраняя кожу увлаженной и мягкой. 50мл / 1.7 жидких унций;17299;1746,5;bio-marine-delicate-eye-cream-sea-spa_0.jpg
Коллагеновая восстанавливающая маска с минералами Мертвого Моря;Антивозрастная антиоксидантная маска с коллагеном, минералами Мертвого Моря и растительными экстрактами.100 мл упаковка;13177;1886,5;collagen-firming-facial-mask-dead-sea-minerals.jpg
Маска-пилинг с минералами Мертвого Моря и абрикосовыми микро-гранулами;Пилинг-маска  - очищает   and отшелушивает, оживляя и  and омолаживая кожу практически мгновенно. 100 мл;13179;1886,5;dead-sea-mineral-peeling-mask-apricot-micro-grains.jpg
Минеральный освежающий тоник, Косметика мертвого Моря, Sea of Spa;Обогащен минеральными веществами Мертвого Моря и растительными экстрактами.  Омолаживающий эффект;7478;1676,5;dead-sea-mineral-refreshing-toner-sea-spa.jpg
Мультивитаминный крем для лица с минералам Мертвого Моря SPF-20;Крем содержит минеральные вещества Мертвого Моря и растительные экстракты, так же содержит солнцезащитные фильтры, защищающие кожу от УФ повреждения. Подходит для нормальной и комбинированной кожи;14920;1886,5;dead-sea-mineral-multi-vitamin-face-cream-spf-20.jpg
Нежный Крем Пилинг Для Лица, Органический Уход За Кожей от Canaan Organic;Этот восстанавливающий крем глубокого очищения сужает поры и ускоряет заживление ран. Для пилинга крем включает в себя компоненты абрикосовых семян.;16381;1746,5;canaan-organic-gentle-facial-peeling-cream-organic-skin-care.gif
Несмываемый интенсивный крем для рук из грязей Мертвого моря Dermud от АГАВА ;Dermud - интенсивный крем для рук для чувствительной и сухой кожи из эксклюзивной смеси минералов Мертвого моря от АГАВА. Насыщенный крем, который защищает кожу от воздействий, заживляет трещины, смягчает грубую кожу и питает даже самую сухую кожу. Не содержит парабенов и дерматологически протестирован. 100 мл, 3.4 унций тюбик;15211;1116,5;ahava-leave-deadsea-mud-dermud-intensive-hand-cream.jpg
Обезжиренный крем для лица с алоэ вера и минералами Мертвого моря крем;Это увлажняющее средство на основе Алоэ Вера и других растительных экстрактов, предназначен для смягчения и защиты жирной кожи. Он не оставляет жирный блеск и отлично подходит в качестве базы под макияж. Для комбинированной и жирной кожи. 50 мл;14919;1886,5;oil-free-aloe-vera-and-dead-sea-minerals-face-cream_0.jpg
Очищающая маска из грязей Мертвого моря с добавлением алоэ вера, 100 мл;Минеральная грязь Мертвого моря, обогащенная Алоэ Вера и натуральные растительные экстракты, для нанесения маски, чтобы очистить и очистить кожу, не высушивая ее. Для всех типов кожи.100 мл тюбик.;13172;1886,5;purifying-dead-sea-mud-mask-aloe-vera-100-ml.jpg
Очищающая маска с минералами Мертвого Моря и Алоэ Вера, 150 мл;Грязевая маска с минералами Мертвого Моря, обогащена растительными экстрактами и масло Алоэ Вера. Очищает кожу, но при этом не сушит. Подходит для всех типов кожи.;13175;1886,5;purifying-dead-sea-mud-mask-aloe-vera-150-ml.jpg
Очищяющий гель с грязью Мертвого Моря, Sea of Spa;Содержит минеральные вещества грязей Мертвого Моря, очищает и увлажняет кожу;7303;1676,5;dead-sea-mud-cleansing-gel-natural-sea-beauty.jpg
Питательная Маска Для Лица Canaan, Косметика Мертвого Моря;Питательная маска для лица высшего качества с потрясающей текстурой и множеством дополнительных питательных свойств, благодаря минералам Мертвого моря и дополнительным ингредиентам, которые были подобраны фирмой Canaan, чтобы улучшить ваши ощущения и раскрыть полный потенциал Вашей кожи.;16408;1676,5;canaan-nourishing-facial-mask-dead-sea-cosmetics.gif
Питательный ночной крем Мертвого моря от Sea of Spa;Восстанавливайте вашу кожу во время сна с этим активным питательным ночным кремом, созданным Sea of Spa. Он использует уникальную смесь эфирных минералов Мертвого моря и других натуральных ингредиентов. Помогите исцелиться своей коже с его помощью от ежедневного воздействия солнца и других агрессивных факторов, в т.ч. токсинов в окружающей среде. 50 мл баночка.;15328;1746,5;dead-sea-nourishing-night-cream-sea-spa.jpg
Соль Мертвого моря, обогащенная минералами;Магия минералов Мертвого моря не ограничивается лечением кожных заболеваний и боли в суставах. Эта смесь солей и минералов Мертвого моря также поможет вам расслабиться и почувствовать себя более здоровым и энергичным. Просто наберите ванну, растворите в воде соли Мертвого моря, сядьте и расслабьтесь.;15778;1886,5;enriched-minerals-dead-sea-salt.gif
Укрепляющая сыворотка для лица из Мертвого моря от Bio-Marine;Укрепляющая сыворотка для лица глубоко очищает кожу, оставляя ее подтянутой и сияющей. От Bio-Marine;15865;1746,5;bio-marine-firming-dead-sea-face-serum.jpg
